Category,Domain Name,Description,Pfam ID,Motif Pattern,Motif Notes,Primary Target(s)
Canonical Phospholipid,C1 Domain,Recruits signaling proteins (like PKC) to membranes via interaction with DAG/phorbol esters.,PF00130; PF00131,"HX{12}CX{2}CX{13,14}CX{2}CX{4}HX{2}CX{7}C",,Diacylglycerol (DAG) and Phosphatidylserine (PS)
Canonical Phospholipid,C2 Domain,Calcium-dependent or independent membrane targeting module involved in signal transduction and trafficking.,PF00168,N/A,,"Phosphatidylserine (PS); Phosphatidylcholine (PC); PI(4,5)P2"
Canonical Phospholipid,PH Domain (Pleckstrin Homology),Acts as a ubiquitous intracellular membrane tether recruiting proteins to diverse compartment membranes.,PF00169,N/A,,"PI(4,5)P2; PI(3,4,5)P3; PI(3,4)P2"
Canonical Phospholipid,FYVE Domain,Zinc-finger-like domain essential for highly selective recruitment to early endosomes.,PF01363,R[RK]HHCRXCG,,PI(3)P (Phosphatidylinositol 3-phosphate)
Canonical Phospholipid,PX Domain (Phox Homology),Structural lipid-binding domain found in sorting nexins and phospholipases involved in vesicular trafficking.,PF00787,N/A,,"PI(3)P; PI(3,4)P2; PI(4,5)P2"
Canonical Phospholipid,ENTH Domain,Found in endocytic proteins; inserts an alpha-helix to drive membrane curvature and recruit clathrin machinery.,PF01417,N/A,,"PI(4,5)P2; PI(3,4,5)P3"
Canonical Phospholipid,ANTH Domain,Universal adaptor domain for clathrin coat assembly; structurally similar to ENTH but utilizes basic residues instead of a wedging helix.,PF07651,N/A,,"PI(4,5)P2"
Canonical Phospholipid,PROPPINs,Conserved beta-propeller structures acting as distinct lipid sensors during autophagy and autophagosome biogenesis.,PF21032,N/A,,"PI(3)P; PI(3,5)P2"
Canonical Phospholipid,Tubby Domain,Functions in membrane-tethered transcription factors; links G-protein signaling to transcription.,PF01167,N/A,,"PI(4,5)P2"
Canonical Phospholipid,GRAM Domain,Homologous to PH domains; found in myotubularins and required for intracellular membrane targeting.,PF02893,N/A,,"PI(3,5)P2; PI(4,5)P2"
Chaperones & Transcription,DNAJ Domain (J-Domain),Conserved structural module functioning as a co-chaperone that binds and stimulates Hsp70 heat-shock proteins.,PF00226,N/A,,Hsp70 interaction partners; substrate proteins
Curvature-Sensing,BAR Domain,Banana-shaped dimeric domain that acts as a physical scaffold to sense or induce tubular membrane curvature.,PF03114,N/A,,"Highly curved membranes; Phosphatidylserine (PS); PI(4,5)P2"
Curvature-Sensing,AH/BAR Hybrids (N-BAR),BAR domains equipped with an N-terminal Amphipathic Helix that wedges into the bilayer to drive extreme curvature.,PF03114,N/A,,"Highly curved negatively-charged membranes; PI(4,5)P2"
Curvature-Sensing,ALPS Motif (Amphipathic Lipid Packing Sensor),Amphipathic alpha-helix lacking basic residues; inserts directly into membrane packing defects caused by curvature.,N/A,"(?=[GSTPANY]{0,3}[FLWYIVM])(?:[^DERKH]{2,3}[FLWYIVM]){5,10}",Hydrophobic face + S/T/G-rich polar face,Lipid packing defects; convex membranes (ER/Golgi vesicles)
Curvature-Sensing,KA1 Domain (Kinase Associated 1),Regulates kinase localization by targeting acidic membrane patches (often substituted for typo 'Kaon').,PF02149,N/A,,Anionic/acidic phospholipids (PS; PIPs)
Curvature-Sensing,Polybasic Patch,Unstructured sequences serving as electrostatically driven membrane anchors.,N/A,N/A,[KR] clusters,Anionic/acidic phospholipids
Curvature-Sensing,Polyacidic Patch,Unstructured sequences serving as electrostatically driven membrane anchors.,N/A,N/A,[ED] clusters,Negatively charged lipids (PIP2 and PS).
Host-Invasion & Effectors,PHIST Domain,Plasmodium helical interspersed subtelomeric domain involved in exporting parasite proteins across host membranes (historically referred to as the PRESAN domain).,PF09687,N/A,,Host cell membrane components; structural modifications
Host-Invasion & Effectors,RXLR Motif,Conserved N-terminal sequence motif that guides translocator/effector entry into host plant cells.,PF16810,RXLR,,Host plasma membrane lipids; translocation machinery
Host-Invasion & Effectors,RXLR WY-Domain,Conserved structural fold that is frequently arranged in tandem repeats downstream of the RXLR motif to modulate target affinity.,PF18634,N/A,,Host intracellular target proteins
Host-Invasion & Effectors,MEC Mesa core motif,Mature-parasite-infected Erythrocyte Surface Antigen erythrocyte cytoskeleton-binding motif,N/A,[HYN][LIF]YS[IVM][RK]NY[IV][ED]CL[RK]NA[PC]Y[IVF][DN][DN][PS],,Host regulatory proteins; immunity pathways
Host-Invasion & Effectors,RGD-like Motif,ToxA conserved RGD host cell import motif,N/A,"RLI[IV]T[QE]W[EDN][NS]S{0,1}[TS][LVS]T[RS]G[DN][VG]Y[EV]L[FL]G[DS]Y[GA]L","Flanking 10 aa, totalling 23aa, from 25 Haplotypes as of 2026",RGD residues required for host cell translocation
Host-Invasion & Effectors,RIPP-associated Motif,RIPP biosynthesis.  ,N/A,HXXHC,"Twin HXXHC sequences found within the active sites of oxidative maturation enzymes (specifically DUF3328 domain proteins). These enzymes catalyze key chemical modifications, such as side-chain macrocyclization.",Fungal RIPP biosynthesis. 
Lipid Transfer,START Domain,Shuttles lipids across aqueous cytosol between distinct organelle membrane contact sites.,PF01852,N/A,,Sterols (cholesterol); ceramides; phospholipids
Lipid Transfer,CERT / GLTP Domain,Specialized lipid transfer modules; CERT shuttles ceramide while GLTP manages glycosphingolipids.,PF03151,N/A,,Ceramides; Glycosphingolipids
Lipid Transfer,ORP / Osh / ORD Domain,Oxysterol-binding protein-related domains acting as critical sensors and transporters at contact sites.,PF01380,N/A,,Oxysterols; cholesterol; PI(4)P
Lipid Transfer,CRAL-TRIO Domain,Hydrophobic pocket domain binding small lipophilic molecules; found in Sec14p and visual cycle proteins.,PF00650,N/A,,Phosphatidylinositol (PI); squalene; retinal; alpha-tocopherol
Lipid Transfer,Sphingolipid binding motif,Conserved sequence string discovered and mapped via MOPRO computational frameworks to define explicit structural affinity configurations with neutral or acidic sphingolipid variants.,N/A,[VITL]XX[VITL][VITL]XX[VITL][FWY],Identified with MOPRO,Membrane sphingolipid components; ceramide networks
Outer Membrane & Bacterial,OMP85 / BAM Complex Domains,Responsible for folding and inserting outer membrane proteins (OMPs) into Gram-negative bacterial envelopes.,PF04386; PF01103,N/A,,Unfolded beta-barrel OMPs; bacterial lipids
Outer Membrane & Bacterial,POTRA Domain,Chaperone-like domain linked to the BAM complex that guides unfolded outer membrane proteins into the translocator.,PF03409,N/A,,Unfolded outer membrane proteins (OMPs)
Outer Membrane & Bacterial,LBP / BPI Domain,Lipid-binding / Bactericidal permeability-increasing proteins; binds bacterial envelopes to neutralize endotoxins.,PF01330,N/A,,Lipopolysaccharide (LPS); host/pathogen phospholipids
Proteolytic Processing,PEXEL Domain,Plasmodium export element sequence motif that targets and directs intracellular parasite effector proteins across the parasitophorous vacuole membrane into the host erythrocyte cytosol.,N/A,RXL/X[EAD],,Endoplasmic reticulum lumen processing machinery (Plasmepsin V); host erythrocyte trafficking components
Proteolytic Processing,Kex2 Cleavage Motif (KR),Canonical primary N-terminal dibasic site targeting by the Golgi-localized proprotein convertase Kex2 to drive prodomain removal or effector activation.,N/A,KR/,Canonical primary site,Proprotein convertases; mature secretome processing loops
Proteolytic Processing,Kex2 Cleavage Motif (RR),Canonical secondary dibasic processing sequence targeted during proprotein convertase cleavage cycles within the fungal secretory pipeline.,N/A,RR/,Canonical secondary site,Proprotein convertases; mature secretome processing loops
Proteolytic Processing,Kex2 Cleavage Motif (KK),Alternative dibasic recognition profile motif targeted during processing by Golgi convertase systems.,N/A,KK/,Alternative dibasic site,Proprotein convertases; mature secretome processing loops
Proteolytic Processing,Kex2 Cleavage Motif (RK),Alternative basic recognition motif targeted during endoproteolytic maturation events in the Golgi apparatus.,N/A,RK/,Alternative dibasic site,Proprotein convertases; mature secretome processing loops
Proteolytic Processing,Kex2 Cleavage Motif (LXXR),"Extended aliphatic-dependent endoproteolytic consensus profile sequence where position 1 contains leucine or an equivalent branched aliphatic amino acid, position 4 contains arginine, and position 3 displays an amino acid preference ordering of K > R > T > P > L > I.",N/A,[LIVM]X[KRTPLI]R/,Aliphatic structural Kex2 cleavage variant,Proprotein convertases; mature secretome processing loops
Signaling & Scaffolding,FERM Domain,Cytoskeletal organizer that anchors transmembrane proteins or receptors to the underlying actin network.,PF00373,N/A,,"Transmembrane protein cytoplasmic tails; PI(4,5)P2"
Signaling & Scaffolding,PDZ Domain,Central scaffolding domain that organizes signaling receptor complexes at the plasma membrane.,PF00595,N/A,,"C-terminal target peptide tails (S/T-X-V); PI(4,5)P2"
Signaling & Scaffolding,SH2 Domain,Recruited directly to phosphorylated receptors to propagate signaling cascades.,PF00017,N/A,,Phosphotyrosine-containing peptides
Signaling & Scaffolding,SH3 Domain,Works in tandem with SH2 to mediate assembly of specific multiprotein signaling complexes.,PF00018,N/A,PxxP consensus,Proline-rich motifs
Signaling & Scaffolding,PKA / PKC Homology,Catalytic and regulatory kinase modules; PKC specifically localizes using tandem C1/C2 modules.,PF00069; PF00027,N/A,,Target protein phosphorylation sites; cAMP (PKA); DAG (PKC)
Signaling & Scaffolding,C-type Lectin Domain,Calcium-dependent carbohydrate-recognition domain involved in immunity and pathogen cell walls.,PF00059,N/A,,Carbohydrates (mannose; fucose; glucans)
Signaling & Scaffolding,Rhodopsin-like GPCR (7tm_1),7-transmembrane receptor domain characteristic of the rhodopsin-like G-protein coupled receptor superfamily; transduces extracellular signals into intracellular responses via heterotrimeric G-proteins.,PF00007,N/A,,"Heterotrimeric G-proteins; extracellular ligands (hormones, neurotransmitters, odorants, photons)"
Structural & Extracellular,Cys_knot (Cysteine knot domain),A highly stable protein structural motif containing an embedded framework of three interconnected disulfide bonds that form a closed molecular knot topology; found across growth factors and diverse plant/animal toxins.,PF00007,N/A,,Cell-surface signaling receptors; extracellular matrix components
Structural & Extracellular,LysM (Lysin Motif),A ubiquitous carbohydrate-binding module found in extracellular proteins and effectors that recognizes and binds chitin or peptidoglycan polymers to modulate host-pathogen interactions or suppress host immunity.,PF01476,N/A,,Chitin fragments; N-acetylglucosamine polymers; peptidoglycan strands
Structural & Extracellular,Peritrophin-A domain (CBM14),"A small extracellular domain characterized by six conserved cysteines that form disulfide bridges. It is primarily found in insect peritrophic matrix proteins, animal chitinases, and baculoviruses.",PF01607,N/A,CBM14,Chitin polymer structures
Structural & Extracellular,Hevein domain (CBM18),"Originally discovered in the rubber tree (Hevea brasiliensis), this domain features a conserved four-disulfide core. It is found in plant lectins, defense proteins, and fungal chitinases.",PF00187,N/A,CBM18,Plant/fungal chitin structures
Structural & Extracellular,Chitin-binding type-2 domain (CBM2),"A conserved modular domain found in a variety of fungal, bacterial, and plant proteins. In enzymes like chitinases, it helps anchor the protein to the chitin polymer before cleavage.",PF00755,N/A,CBM2,Chitin polymer matrix before cleavage
Structural & Extracellular,Chitin-binding type-4 domain (CBM33),"Often found in lytic polysaccharide monooxygenases (LPMOs), this domain binds to crystalline polysaccharides (including chitin and cellulose) to assist in enzymatic oxidative cleavage.",PF03067,N/A,CBM33,Crystalline polysaccharides (chitin and cellulose)
Structural & Extracellular,WSC domain,"Found in fungal cell wall integrity and stress-response proteins, it acts as a carbohydrate-binding module capable of recognizing various glycans.",PF01822,N/A,,Various cell wall glycans
Structural & Extracellular,CBM5 and CBM10,Frequently found in tandem in bacterial and fungal enzymes (like chitinases) to target the active site directly to the insoluble chitin substrate.,PF02927,N/A,,Insoluble chitin substrates